E-Tickets Pleinvrees Festival,Pleinvrees-Festival-2021,Pleinvrees-Festival-2021,31-7-2021,Amsterdam,NDSM
E-Tickets Awakenings Festival 2021 / 20th Anniversary (zaterdag),AwakeningsFestivalZat_2021,AwakeningsFestivalZat_2021,11-9-2021,Spaarnwoude,Recreatiegebied Spaarnwoude
E-Tickets Into the Woods (dag 1),IntoTheWoodsDag1_2021,IntoTheWoodsDag1_2021,11-9-2021,Amersfoort,Openluchttheater
E-Tickets Awakenings Festival 2021 (Weekend/Combi),Awakenings-Festival-2021-WeekendCombi,Awakenings-Festival-2021-WeekendCombi,11-9-2021,Spaarnwoude,Spaarnwoude
E-Tickets Thuishaven zomer w/ Chris Stussy 10hrs,Thuishaven-zomer-w-Chris-Stussy-10hrs,Thuishaven-zomer-w-Chris-Stussy-10hrs,5-9-2021,Amsterdam,Thuishaven
E-Tickets Paaspop (zondag),PaaspopZondag_2021,PaaspopZondag_2021,5-9-2021,Schijndel,De Molenheide
E-Tickets Louis Tomlinson (Afas Amsterdam),LouisTomlinson_afas2021,LouisTomlinson_afas2021,4-9-2021,Amsterdam,afas
E-Tickets Paaspop (zaterdag),PaaspopZaterdag_2021,PaaspopZaterdag_2021,4-9-2021,Schijndel,De Molenheide
E-Tickets Paaspop (weekend),PaaspopWeekend_2021,PaaspopWeekend_2021,3-9-2021,Schijndel,De Molenheide
E-Tickets Onder de Radar,Onder-de-Radar,Onder-de-Radar,28-8-2021,Enschede,Vliegveld Twenthe
E-Tickets Tomorrowland (weekend 1 dag 2),TomorrowlandDag2_2021,TomorrowlandDag2_2021,28-8-2021,Boom,De schorre
E-Tickets Mysteryland (zaterdag),MysterylandDag1_2021,MysterylandDag1_2021,28-8-2021,Hoofddorp,Floriade Terrein
E-Tickets Down the rabbit hole 2021,Down-the-rabbit-hole-2021,Down-the-rabbit-hole-2021,27-8-2021,Beuningen,Groene heuvels
E-Tickets Mysteryland (weekend),MysterylandWeekend_2021,MysterylandWeekend_2021,27-8-2021,Haarlemmermeer,Floriade
E-Tickets Tomorrowland (weekend 1 dag 1),TomorrowlandDag1_2021,TomorrowlandDag1_2021,27-8-2021,Boom,De schorre
E-Tickets Latin Village (zaterdag) 2021,Latin-Village-zaterdag_2021,Latin-Village-zaterdag_2021,21-8-2021,Velsen,Spaarnwoude
E-Tickets Billie eilish tournee,Billie-eilish-tournee,Billie-eilish-tournee,18-8-2022,Amsterdam,Ziggo dome amsterdam
E-Tickets Defqon.1 2022 (zondag),Defqon1Dag3_2022,Defqon1Dag3_2022,26-6-2022,Biddinghuizen
E-Tickets Defqon.1 2022 (zaterdag),Defqon1Dag2_2022,Defqon1Dag2_2022,25-6-2022,Biddinghuizen
E-Tickets Defqon.1 2022 (weekend),Defqon1Weekend_2022,Defqon1Weekend_2022,24-6-2022,Biddinghuizen
E-Tickets Louis Cole & Metropole Orkest ,Louis-Cole--Metropole-Orkest-,Louis-Cole--Metropole-Orkest-,25-11-2021,Rotterdam,LantarenVenster
E-Tickets Solomun All Night x Loveland,Solomun-All-Night-x-Loveland,Solomun-All-Night-x-Loveland,16-10-2021,Amsterdam,Warehouse Houthavens
E-Tickets Dockyard & Mystic Garden ADE,Dockyard--Mystic-Garden-ADE,Dockyard--Mystic-Garden-ADE,16-10-2021,Amsterdam,Havenpark
E-Tickets Paradisexloveland,Paradisexloveland,Paradisexloveland,15-10-2021,Amsterda,Mediahaven
E-Tickets HRFST Festival,HRFST_2021,HRFST_2021,2-10-2021,Utrecht,Fort Vechten
E-Tickets B.I.T.C.H full colour edition,BITCH-full-colour-edition,BITCH-full-colour-edition,2-10-2021,Amsterdam,North Sea venue
E-Tickets Zwarte Cross (zondag),ZwarteCrossZondag_2021,ZwarteCrossZondag_2021,26-9-2021,Lichtenvoorde,Lichtenvoorde
E-Tickets Zwarte Cross (zaterdag),ZwarteCrossZaterdag_2021,ZwarteCrossZaterdag_2021,25-9-2021,Lichtenvoorde,Lichtenvoorde
E-Tickets Zwarte Cross (weekend camping),ZwarteCrosscamping_2021,ZwarteCrosscamping_2021,24-9-2021,Lichtenvoorde,Lichtenvoorde
E-Tickets Zwarte Cross (vrijdag),ZwarteCrossVrijdag_2021,ZwarteCrossVrijdag_2021,24-9-2021,Lichtenvoorde,Lichtenvoorde
E-Tickets Thuishaven Zomer Maceo Plex ,Thuishaven-Zomer-Maceo-Plex-,Thuishaven-Zomer-Maceo-Plex-,19-9-2021,Amsterdam,Thuishaven
E-Tickets Vunzige Deuntjes Festival,VunzigeDeuntjesFestival_2021,VunzigeDeuntjesFestival_2021,18-9-2021,Amsterdamse Bos
E-Tickets Awakenings Festival 2021 / 20th Anniversary (zondag),AwakeningsFestivalZon_2021,AwakeningsFestivalZon_2021,12-9-2021,Spaarnwoude,Recreatiegebied Spaarnwoude
E-Tickets Into the Woods (dag 2),IntoTheWoodsDag2_2021,IntoTheWoodsDag2_2021,12-9-2021,Amersfoort,Openluchttheater
E-Tickets Into the Woods (Weekend),IntoTheWoodsWeekend_2021,IntoTheWoodsWeekend_2021,11-9-2021,Amersfoort,Openluchttheater
E-Tickets Lowlands 2021 (weekend),Lowlands_2021,Lowlands_2021,20-8-2021,Biddinghuizen
E-Tickets Decibel Outdoor (zaterdag),DecibelOutDoorDag1_2021,DecibelOutDoorDag1_2021,20-8-2021,Hilvarenbeek,beekse Bergen
E-Tickets Strafwerk Festival 2021,Strafwerk-Festival-2021,Strafwerk-Festival-2021,14-8-2021,Amsterdam,Havenpark. Wethouder van Essenweg. Amsterdam 1047AV
E-Tickets Loveland Festival 2021 | 25 YRS (zondag),LovelandFestivalZondag_2021,LovelandFestivalZondag_2021,8-8-2021,Amsterdam,Sloterpark
E-Tickets Loveland Festival 2021 | 25 YRS (weekend),LovelandFestivalWeekend_2021,LovelandFestivalWeekend_2021,8-8-2021,AMSTERDAM,SLOTERPARK – AMSTERDAM
E-Tickets Geheime Liefde (zaterdag),GeheimeLiefde_2021,GeheimeLiefde_2021,7-8-2021,Utrecht,Fort Vechten
E-Tickets Loveland Festival 2021 | 25 YRS,Loveland-Festival-2021--25-YRS,Loveland-Festival-2021--25-YRS,7-8-2021,Amsterdam,Amsterdam
E-Tickets Loveland Festival 2021 | 25 YRS (zaterdag),LovelandFestivalZaterdag_2021,LovelandFestivalZaterdag_2021,7-8-2021,Amsterdam,Sloterpark
E-Tickets Rammstein Goffertpark,RammsteinGoffertPark_2021,RammsteinGoffertPark_2021,3-8-2021,Nijmegen,Goffertpark
E-Tickets Thuishaven - Kasper, Benny, Sandrien, Michel de Hey........,Thuishaven---Kasper-Benny-Sandrien-Michel-de-Hey,Thuishaven---Kasper-Benny-Sandrien-Michel-de-Hey,1-8-2021,Thuishaven zomer W/ Luke Slater ROD,Thuishaven Festivalterrein
E-Tickets Milkshake Festival 2021 (Zondag),MilkshakeZondag_2021,MilkshakeZondag_2021,1-8-2021,Amsterdam,Westerpark
E-Tickets Milkshake Festival 2021 (Zaterdag),MilkshakeZaterdag_2021,MilkshakeZaterdag_2021,31-7-2021,Amsterdam,Westerpark
E-Tickets Thuishaven - Dimitri 10HRS,Thuishaven---Dimitri-10HRS,Thuishaven---Dimitri-10HRS,31-7-2021,Amsterdam,Thuishaven Festivalterrein
Komm Schon Alter - Das Festival 2021,Tuinen van West,Amsterdam,Nederland,komm-schon-alter-das-festival-2021,regular-tickets
Dutch Valley Festival 2021,Velzen,Spaarnwoude,Nederland,dutch-valley-festival-2021,group-ticket-4-people-1-ticket
Dutch Valley Festival 2021,Velzen,Spaarnwoude,Nederland,dutch-valley-festival-2021,tienerticket-geboren-na-9-augustus-2000
Dutch Valley Festival 2021,Velzen,Spaarnwoude,Nederland,dutch-valley-festival-2021,jubileumticket
Dutch Valley Festival 2021,Velzen,Spaarnwoude,Nederland,dutch-valley-festival-2021,deluxe-ticket
Dutch Valley Festival 2021,Velzen,Spaarnwoude,Nederland,dutch-valley-festival-2021,regular-tickets
Rotterdam Rave Festival 2021,RDM Onderzeebootloods,Rotterdam,Nederland,rotterdam-rave-festival-2021,regular-tickets
Rotterdam Rave Festival 2021,RDM Onderzeebootloods,Rotterdam,Nederland,rotterdam-rave-festival-2021,shuttle-bus
Rotterdam Rave Festival 2021,RDM Onderzeebootloods,Rotterdam,Nederland,rotterdam-rave-festival-2021,locker-large
Rotterdam Rave Festival 2021,RDM Onderzeebootloods,Rotterdam,Nederland,rotterdam-rave-festival-2021,locker-medium
Ohm Festival 2021,Lijm & Cultuur,Delft,Nederland,ohm-festival-2021,groepsticket-4-personen
Ohm Festival 2021,Lijm & Cultuur,Delft,Nederland,ohm-festival-2021,deposit-tickets
Ohm Festival 2021,Lijm & Cultuur,Delft,Nederland,ohm-festival-2021,regular-tickets
SWF 2021,Havenpark,Amsterdam,Nederland,swf-2021,regular-tickets
Solar Weekend 2021 ,Donderdag 29 juli t/m zondag 1 augustus,Maasplassen,Roermond,solar-weekend-2021,saturday-ticket
Solar Weekend 2021 ,Donderdag 29 juli t/m zondag 1 augustus,Maasplassen,Roermond,solar-weekend-2021,sunday-ticket
Solar Weekend 2021 ,Donderdag 29 juli t/m zondag 1 augustus,Maasplassen,Roermond,solar-weekend-2021,weekend-tickets-ex-camping
Solar Weekend 2021 ,Donderdag 29 juli t/m zondag 1 augustus,Maasplassen,Roermond,solar-weekend-2021,4-day-holiday-ticket-incl-camping
Solar Weekend 2021 ,Donderdag 29 juli t/m zondag 1 augustus,Maasplassen,Roermond,solar-weekend-2021,3-day-holiday-ticket-incl-camping
Strafwerk Festival,Zaterdag 14 augustus,Havenpark,Amsterdam,strafwerk-festival,strafwerk-festival
SWF 2021,Zaterdag 14 augustus,Havenpark,Amsterdam,swf-2021,swf-2021
Komm schon alter das festival ,Zaterdag 14 augustus,Amsterdam,Amsterdam,komm-schon-alter-das-festival,komm-schon-alter-das-festival
ZeeZout at the beach,Zondag 8 augustus,Woodstock 69 Bloemendaal,Bloemendaal,zeezout-at-the-beach,zeezout-at-the-beach
La Reve Beach Festival,Zaterdag 7 augustus,Beachclub Bronze,Bloemendaal aan zee,la-reve-beach-festiva,la-reve-beach-festiva
Thuishaven Zomer w/ Luke Slater / ROD / Sandrien / Steve Rachmad,Zaterdag 7 augustus,Thuishaven,Contactweg 60,thuishaven-zomer-w-luke-slater-rod-sandrien-steve-rachmad,thuishaven-zomer-w-luke-slater-rod-sandrien-steve-rachmad
Blijdorp Festival,Zaterdag 7 augustus,Roel Langerakpark,Rotterdam,blijdorp-festival,blijdorp-festival
Geheime Liefde 2021,Zaterdag 7 augustus en zondag 8 augustus,Fort Vechten,Bunnik,geheime-liefde-2021,saturday-ticket
Geheime Liefde 2021,Zaterdag 7 augustus en zondag 8 augustus,Fort Vechten,Bunnik,geheime-liefde-2021,sunday-ticket
Geheime Liefde 2021,Zaterdag 7 augustus en zondag 8 augustus,Fort Vechten,Bunnik,geheime-liefde-2021,weekend-tickets
Lakedance 2021,Zaterdag 7 augustus,Aquabest,Best,lakedance-2021,lakedance-2021
Loveland Festival 2021,Zaterdag 7 augustus en zondag 8 augustus,Sloterparkbad,Amsterdam,loveland-festival-2021,saturday-ticket
Loveland Festival 2021,Zaterdag 7 augustus en zondag 8 augustus,Sloterparkbad,Amsterdam,loveland-festival-2021,sunday-ticket
Loveland Festival 2021,Zaterdag 7 augustus en zondag 8 augustus,Sloterparkbad,Amsterdam,loveland-festival-2021,weekenders
Loveland Festival 2021,Zaterdag 7 augustus en zondag 8 augustus,Sloterparkbad,Amsterdam,loveland-festival-2021,locker-ticket-no-entrance-saturday
Loveland Festival 2021,Zaterdag 7 augustus en zondag 8 augustus,Sloterparkbad,Amsterdam,loveland-festival-2021,bus-ticket-no-entrance-festival-saturday
Loveland Festival 2021,Zaterdag 7 augustus en zondag 8 augustus,Sloterparkbad,Amsterdam,loveland-festival-2021,bus-ticket-no-entrance-festival-sunday
Dekmantel Festival 2021,Woensdag 4 augustus t/m zaterdag 7 augustus,Amsterdamse Bos,Amstelveen,dekmantel-festival-2021,friday-ticket
Dekmantel Festival 2021,Woensdag 4 augustus t/m zaterdag 7 augustus,Amsterdamse Bos,Amstelveen,dekmantel-festival-2021,saturday-ticket
Dekmantel Festival 2021,Woensdag 4 augustus t/m zaterdag 7 augustus,Amsterdamse Bos,Amstelveen,dekmantel-festival-2021,sunday-ticket
Dekmantel Festival 2021,Woensdag 4 augustus t/m zaterdag 7 augustus,Amsterdamse Bos,Amstelveen,dekmantel-festival-2021,weekenders-no-camping
1-08-21 Thuishaven Zomer w/ Kasper (bday) b2b Benny Rodrigues/ Dyed Soundorom/ Konstantin/ Michel de Hey,Zondag 1 augustus,Thuishaven,Contactweg 60,1-aug-thuishaven-zomer-w-kasper-bday-b2b-benny-rodrigues-dyed-soundorom-konstantin-michel-de-hey,1-aug-thuishaven-zomer-w-kasper-bday-b2b-benny-rodrigues-dyed-soundorom-konstantin-michel-de-hey
JORIS VOORN @ Marktkantine,Zaterdag 31 juli,Marktkantine,Amsterdam,joris-voorn-a-marktkantine,joris-voorn-a-marktkantine
Milkshake,Zaterdag 31 juli en zondag 1 augustus,westerpark,Amsterdam,milkshake,sunday-ticket
Milkshake,Zaterdag 31 juli en zondag 1 augustus,westerpark,Amsterdam,milkshake,weekend-tickets
Milkshake,Zaterdag 31 juli en zondag 1 augustus,westerpark,Amsterdam,milkshake,saturday-ticket
Free Your Mind,Zaterdag 31 juli,Stadsblokken Arnhem,Arnhem,free-your-mind,free-your-mind
AWAKENINGS X ADAM BEYER PRESENTS DRUMCODE,Donderdag 14 oktober,Gashouder,Amsterdam,awakenings-x-adam-beyer-presents-drumcode,awakenings-x-adam-beyer-presents-drumcode
Oliver Heldens at Melkweg,Woensdag 13 oktober,Melkweg,Amsterdam,oliver-heldens-at-melkweg,oliver-heldens-at-melkweg
AWAKENINGS X CHARLOTTE DE WITTE PRESENTS KNTXT,Woensdag 13 oktober,Gashouder,Amsterdam,awakenings-x-charlotte-de-witte-presents-kntxt,awakenings-x-charlotte-de-witte-presents-kntxt
Dauwpop,Zaterdag 4 september,Dauwpop terrein,Hellendoorn,dauwpop,dauwpop
Total loss,Zaterdag 4 september,Aquabest,Best,total-loss,total-loss
Lief festival ,Zaterdag 4 september,strijfviertel,Utrecht,lief-festival,lief-festival
Het Nest Festival 2021,Zaterdag 4 september,goffertpark,Nijmegen,het-nest-festival-2021,het-nest-festival-2021
Georgie's Wundergarten '21,Vrijdag 3 september en zaterdag 4 september,ruigoord,amsterdam,georgies-wundergarten-21,saturday-ticket-1300-2300
Georgie's Wundergarten '21,Vrijdag 3 september en zaterdag 4 september,ruigoord,amsterdam,georgies-wundergarten-21,friday-ticket-1500-0100
Wooferland  festival ,Zaterdag 28 augustus,Amsterdam,Amsterdam,wooferland-festival,wooferland-festival
Beachrockers 2021,Zaterdag 28 augustus,Ulesprong - Sint Nicolaasga,Sint Nicolaasga,beachrockers-2021,beachrockers-2021
Strandfestival ZAND,Zaterdag 21 augustus,Almere Strand,Almere,strandfestival-zand,strandfestival-zand
Paradijs van het Zuiden,Zaterdag 21 augustus,Engelenmeer Den Bosch,Den Bosch,paradijs-van-het-zuiden,paradijs-van-het-zuiden
Bontgenoten,Zaterdag 21 augustus,Karpendonkse plas eindhoven,Eindhoven,bontgenoten,bontgenoten
Daisy Festival 2021,Zaterdag 14 augustus,Spoorzone013,Tilburg,daisy-festival-2021,daisy-festival-2021
Hidden Garden Festival 2021,Zaterdag 14 augustus,Philips de Jongh Wandelpark Eindhoven,Eindhoven,hidden-garden-festival-2021,hidden-garden-festival-2021
Fiesta Macumba's Birthday - Melkweg Amsterdam,Vrijdag 13 augustus,Melkweg,Amsterdam,fiesta-macumbas-birthday-melkweg-amsterdam,fiesta-macumbas-birthday-melkweg-amsterdam
SU Baja Beach Festival,Zaterdag 7 augustus,Dok Amsterdam,,su-baja-beach-festival,su-baja-beach-festival
De Amsterdamse Zomer ,Vrijdag 6 augustus,Olympisch Stadion,Amsterdam,de-amsterdamse-zomer,de-amsterdamse-zomer
Geheime Liefde - Zaterdag 31 JULI !! EXTRA DATUM,Zaterdag 31 juli,Fort Vechten,Bunnik,geheime-liefde-zaterdag-31-juli-extra-datum,geheime-liefde-zaterdag-31-juli-extra-datum
Soenda Indoor,Zaterdag 4 december,Werkspoorkathedraal,Utrecht,soenda-indoor,soenda-indoor
Kraantje Pappie - Oosterpoort,Zaterdag 4 december,Oosterpoort,Groningen,kraantje-pappie-oosterpoort,kraantje-pappie-oosterpoort
Reaktor: Dax J B2B Kobosil [All Night Long],Zaterdag 27 november,WarehouseELementenstraat,Amsterdam,reaktor-dax-j-b2b-kobosil-all-night-long,reaktor-dax-j-b2b-kobosil-all-night-long
MoviePark Germany,Zondag 7 november,Bottrop,Bottrop,moviepark-germany,moviepark-germany
Wonderland Festival Indoor,Zaterdag 6 november,Warehouse 13,Amsterdam,wonderland-festival-indoor,wonderland-festival-indoor
WTF Halloween Doornroosje 30-10-21,Zaterdag 30 oktober,Doornroosje,Nijmegen,wtf-halloween-doornroosje-30-10-21,wtf-halloween-doornroosje-30-10-21
Puur Hollands,Vrijdag 22 oktober,Brabanthallen,Den Bosch,puur-hollands,puur-hollands
DGTL ADE: Dax J, Kobosil, KI/KI, and more,Zaterdag 16 oktober,Ndsm,Amsterdam,dgtl-ade-dax-j-kobosil-kiki-and-more,dgtl-ade-dax-j-kobosil-kiki-and-more
Loveland ADE Circoloco,Zaterdag 16 oktober,Mediahaven,Amsterdam,loveland-ade-circoloco,loveland-ade-circoloco
Dockyard & Mystic Garden ADE 16-10 2021,Zaterdag 16 oktober,Mediahaven,Amsterdam,dockyard-n-mystic-garden-ade,dockyard-n-mystic-garden-ade
Verknipt ADE Special Day 3,Zaterdag 16 oktober,Warehouse 13,Amsterdam,verknipt-ade-special-day-3,verknipt-ade-special-day-3
Paradise x Loveland 15-10,Vrijdag 15 oktober,Houthavens,Amsterdam,paradise-x-loveland-15-10,paradise-x-loveland-15-10
909xloveland,Vrijdag 15 oktober,Mediahaven,Amsterdam,909xloveland,909xloveland
Verknipt ADE Special | Day 2,Vrijdag 15 oktober,Amsterdam,Amsterdam,verknipt-ade-special-day-2,verknipt-ade-special-day-2
DGTL ADE: Sven Väth, Kölsch, and more,Vrijdag 15 oktober,Ndsm,Amsterdam,dgtl-ade-sven-vath-kolsch-and-more,dgtl-ade-sven-vath-kolsch-and-more
DGTL ADE: Disclosure, Honey Dijon, and more,Donderdag 14 oktober,NDSM Loods. NDSM-Plein 85,Amsterdam,dgtl-ade-disclosure-honey-dijon-and-more,dgtl-ade-disclosure-honey-dijon-and-more
Pleinvrees ADE 14-10-21 NTO, Joachim Pastor, Mathame, Innellea & More,Donderdag 14 oktober,WesterUnie,Amsterdam,pleinvrees-ade-14-10-21-nto-joachim-pastor-mathame-innellea-n-more,pleinvrees-ade-14-10-21-nto-joachim-pastor-mathame-innellea-n-more
Verknipt ADE Special | Day 1,Donderdag 14 oktober,Warehouse 13,Amsterdam,verknipt-ade-special-day-1,verknipt-ade-special-day-1
Pan-Pot All Night x Loveland 14-10-21,Donderdag 14 oktober,Houthavens,Amsterdam,pan-pot-all-night-x-loveland-14-10-21,pan-pot-all-night-x-loveland-14-10-21
True Colors Tour - Fritz Kalkbrenner ,Woensdag 13 oktober,Paradiso,Amsterdam,true-colors-tour-fritz-kalkbrenner,true-colors-tour-fritz-kalkbrenner
HRFST,Zaterdag 2 oktober,Fort Vechten,Bunnik,hrfst,hrfst
Bitch full color flag edition,Zaterdag 2 oktober,North Sea Venue,Zaandam,bitch-full-color-flag-edition,regular-ticket
Bitch full color flag edition,Zaterdag 2 oktober,North Sea Venue,Zaandam,bitch-full-color-flag-edition,vip-ticket
Chosen Live In Concert,Zaterdag 2 oktober,Heineken Music Hall,Amsterdam,chosen-live-in-concert,chosen-live-in-concert
Back 2 the 90’s 2021,Zaterdag 25 september,Ahoy,Rotterdam,back-2-the-90s-2021,back-2-the-90s-2021
Het Amsterdams Verbond,Zaterdag 25 september,Olympisch Stadion,Amsterdam,het-amsterdams-verbond,het-amsterdams-verbond
Mystic Garden Festival 2021,Zaterdag 25 september,Sloterpark,amsterdam,mystic-garden-festival-2021,mystic-garden-festival-2021
Thuishaven Zomer w/ Maceo Plex,Zondag 19 september,Thuishaven,Contactweg 60,thuishaven-zomer-w-maceo-plex,thuishaven-zomer-w-maceo-plex
By the Creek,Zaterdag 18 september en zondag 19 september,Vianen,Vianen,by-the-creek,sunday-ticket
By the Creek,Zaterdag 18 september en zondag 19 september,Vianen,Vianen,by-the-creek,saturday-ticket
By the Creek,Zaterdag 18 september en zondag 19 september,Vianen,Vianen,by-the-creek,weekend-tickets
Draaimolen 2021,Zaterdag 18 september,013,Tilburg,draaimolen-2021,draaimolen-2021
Vunzige Deuntjes Festival 2021,Zaterdag 18 september,Amsterdamse Bos,Amsterdam,vunzige-deuntjes-festival,vunzige-deuntjes-festival
Imperium,Zaterdag 18 september,Evenemententerrein,Wijk bij Duurstede,imperium,imperium
Soia Koningsdag Fest,Zaterdag 18 september,Soia,Strand in oog A1,soia-koningsdag-fest,soia-koningsdag-fest
Thuishaven Zomer w/ Sandrien 10Hrs,Zondag 12 september,Thuishaven,Contactweg 60,thuishaven-zomer-w-sandrien-10hrs,thuishaven-zomer-w-sandrien-10hrs
Smeerboel `Festival 2021,Zaterdag 11 september,Mercatorlaan,3528 Utrecht,smeerboel-festival-2021,smeerboel-festival-2021
777 fest ,Zaterdag 11 september,Malieveld,Den Haag,777-fest,777-fest
Thuishaven Zomer w/ Chris Stussy 10 HRS 5 sept,Zondag 5 september,Thuishaven,Contactweg 60,thuishaven-zomer-w-chris-stussy-10-hrs-5-sept,thuishaven-zomer-w-chris-stussy-10-hrs-5-sept
Thuishaven Zomer w/ De Sluwe Vos 4 sept,Zaterdag 4 september,Thuishaven,Contactweg 60,thuishaven-zomer-w-de-sluwe-vos,thuishaven-zomer-w-de-sluwe-vos
Masters Of Hardcore 2021,Zaterdag 4 september,Brabanthallen,Den Bosch,masters-of-hardcore-2021,masters-of-hardcore-2021
ZeeZout Festival 2021,Zaterdag 4 september,tuinen van west amsterdam,Amsterdam,zeezout-festival-2021,zeezout-festival-2021
Thuishaven Zomer W/ Michel De Hey 10HRS,Zondag 29 augustus,Thuishaven,Contactweg 60,thuishaven-zomer-w-michel-de-hey-10hrs,thuishaven-zomer-w-michel-de-hey-10hrs
Onder de radar 2021,Zaterdag 28 augustus,,,onder-de-radar-2021,onder-de-radar-2021
Soenda Festival 2021,Zaterdag 28 augustus,Ruigenhoek / Groenekan,Utrecht,soenda-festival-2021,soenda-festival-2021
Thuishaven Zomer W/ Eelke Kleijn 10HRS,Zaterdag 28 augustus,Thuishaven,Contactweg 60,thuishaven-zomer-w-eelke-kleijn-10hrs,thuishaven-zomer-w-eelke-kleijn-10hrs
Watermeloen Verjaardagsfestival Melkfabriek,Zaterdag 28 augustus,Melkfabriek,Arnhem,watermeloen-verjaardagsfestival,watermeloen-verjaardagsfestival
Duikboot Festival 2021,Zaterdag 28 augustus,Asterdplas,Breda,duikboot-festival-2021,duikboot-festival-2021
Festifest,Zaterdag 28 augustus,NDSM-werf,Amsterdam,festifest,festifest
Down the rabbit hole ,Vrijdag 27 augustus en zaterdag 28 augustus,Evenementterrein Walibi Holland,Biddinghuizen,down-the-rabbit-hole,camper-camping-ticket
Down the rabbit hole ,Vrijdag 27 augustus en zaterdag 28 augustus,Evenementterrein Walibi Holland,Biddinghuizen,down-the-rabbit-hole,weekend-ticket-3-dagen-4-nachten
Mysteryland 2021,Vrijdag 27 augustus t/m zondag 29 augustus,Haarlemmermeer,Haarlemmermeer,mysteryland-2021,saturday-ticket
Mysteryland 2021,Vrijdag 27 augustus t/m zondag 29 augustus,Haarlemmermeer,Haarlemmermeer,mysteryland-2021,saturday-premium-ticket
Mysteryland 2021,Vrijdag 27 augustus t/m zondag 29 augustus,Haarlemmermeer,Haarlemmermeer,mysteryland-2021,sunday-ticket
Mysteryland 2021,Vrijdag 27 augustus t/m zondag 29 augustus,Haarlemmermeer,Haarlemmermeer,mysteryland-2021,sunday-premium-ticket
Mysteryland 2021,Vrijdag 27 augustus t/m zondag 29 augustus,Haarlemmermeer,Haarlemmermeer,mysteryland-2021,weekend-tickets
Mysteryland 2021,Vrijdag 27 augustus t/m zondag 29 augustus,Haarlemmermeer,Haarlemmermeer,mysteryland-2021,weekend-premium-tickets
Mysteryland 2021,Vrijdag 27 augustus t/m zondag 29 augustus,Haarlemmermeer,Haarlemmermeer,mysteryland-2021,weekend-tickets-plus-camping
Mysteryland 2021,Vrijdag 27 augustus t/m zondag 29 augustus,Haarlemmermeer,Haarlemmermeer,mysteryland-2021,weekend-tickets-plus-camping-premium
Solomun 6hrs at A'damse Bos,Vrijdag 27 augustus,Amsterdamse Bos,Amsterdam,solomun-6hrs-at-adamse-bos,solomun-6hrs-at-adamse-bos
Thuishaven Zomer w/ Benny Rodrigues 10HRS,Zondag 22 augustus,Thuishaven,Contactweg 60,thuishaven-zomer-w-benny-rodrigues-10hrs,thuishaven-zomer-w-benny-rodrigues-10hrs
Latin Village Festival ,Zaterdag 21 augustus en zondag 22 augustus,Spaarnwoude Velsen,,latin-village-festival,saturday-ticket
Latin Village Festival ,Zaterdag 21 augustus en zondag 22 augustus,Spaarnwoude Velsen,,latin-village-festival,sunday-ticket
Latin Village Festival ,Zaterdag 21 augustus en zondag 22 augustus,Spaarnwoude Velsen,,latin-village-festival,weekend-tickets
Latin Village Festival ,Zaterdag 21 augustus en zondag 22 augustus,Spaarnwoude Velsen,,latin-village-festival,saturday-ticket-vip
Latin Village Festival ,Zaterdag 21 augustus en zondag 22 augustus,Spaarnwoude Velsen,,latin-village-festival,sunday-ticket-vip
Latin Village Festival ,Zaterdag 21 augustus en zondag 22 augustus,Spaarnwoude Velsen,,latin-village-festival,weekend-tickets-vip
Vunzige deuntjes - TivoliVredenburg,Zaterdag 21 augustus,TivoliVredenburg,Utrecht,vunzige-deuntjes-tivolivredenburg,vunzige-deuntjes-tivolivredenburg
Decibel outdoor,Vrijdag 20 augustus t/m zondag 22 augustus,Beekse Bergen,Hilvarenbeek,decibel-outdoor,saturday-ticket
Decibel outdoor,Vrijdag 20 augustus t/m zondag 22 augustus,Beekse Bergen,Hilvarenbeek,decibel-outdoor,sunday-ticket
Landjuweel festival 2021,Vrijdag 20 augustus t/m zondag 22 augustus,ruigoord,amsterdam,landjuweel-festival-2021,friday-ticket
Landjuweel festival 2021,Vrijdag 20 augustus t/m zondag 22 augustus,ruigoord,amsterdam,landjuweel-festival-2021,saturday-ticket
Landjuweel festival 2021,Vrijdag 20 augustus t/m zondag 22 augustus,ruigoord,amsterdam,landjuweel-festival-2021,sunday-ticket
Landjuweel festival 2021,Vrijdag 20 augustus t/m zondag 22 augustus,ruigoord,amsterdam,landjuweel-festival-2021,passe-partout-weekenders
Lowlands 2021 ,Vrijdag 20 augustus t/m zondag 22 augustus,Evenementterrein Walibi Holland,Biddinghuizen,lowlands-2021,regular-ticket-drie-dagen-en-vier-nachten
Lowlands 2021 ,Vrijdag 20 augustus t/m zondag 22 augustus,Evenementterrein Walibi Holland,Biddinghuizen,lowlands-2021,gllamcamp-delluxe-packages-2p-incl-festival-ticket
Lowlands 2021 ,Vrijdag 20 augustus t/m zondag 22 augustus,Evenementterrein Walibi Holland,Biddinghuizen,lowlands-2021,campercampingticket-zonder-stroom-geen-entree-ticket
Lowlands 2021 ,Vrijdag 20 augustus t/m zondag 22 augustus,Evenementterrein Walibi Holland,Biddinghuizen,lowlands-2021,campercampingticket-met-stroom-geen-entree-ticket
Lowlands 2021 ,Vrijdag 20 augustus t/m zondag 22 augustus,Evenementterrein Walibi Holland,Biddinghuizen,lowlands-2021,groepscamping-groepscampingplek-let-op-dit-zijn-geen-entree-tickets-voor-het-festival
Lowlands 2021 ,Vrijdag 20 augustus t/m zondag 22 augustus,Evenementterrein Walibi Holland,Biddinghuizen,lowlands-2021,easy-camp
Dutch Valley 2021,Zondag 15 augustus,Recreatiegbied Spaarnwoude,Spaarnwoude,dutch-valley-2021,dutch-valley-2021
Thuishaven Zomer w/ KI/KI 5HRS,Zondag 15 augustus,Thuishaven,Contactweg 60,thuishaven-zomer-w-kiki-5hrs,thuishaven-zomer-w-kiki-5hrs
Happy Feelings Beach Festival,Zaterdag 14 augustus,strandclub WIJ,Scheveningen,happy-feelings-beach-festival,happy-feelings-beach-festival
festimi - woodstock - Dr. Rubinstein b2b Roi Perez,Zaterdag 14 augustus,Woodstock 69 Bloemendaal,Bloemendaal,festimi-woodstock-dr-rubinstein-b2b-roi-perez,festimi-woodstock-dr-rubinstein-b2b-roi-perez
Dance Valley ,Zaterdag 14 augustus,Recreatiegbied Spaarnwoude,Spaarnwoude,dance-valley,dance-valley
Manana Manana 2021,Zaterdag 14 augustus,Kasteel Olde,Laren,maana-maana-2021,maana-maana-2021
18hrs Festival,Zaterdag 31 juli,Balkenhaven,Zaandam,18hrs-festival,18hrs-festival
Pleinvrees Festival,Zaterdag 31 juli,NDSM-werf,Amsterdam,pleinvrees-festival,pleinvrees-festival
Popweekend Schagen,Zaterdag 31 juli en zondag 1 augustus,schag,Schagen,popweekend-schagen,weekend-tickets
Popweekend Schagen,Zaterdag 31 juli en zondag 1 augustus,schag,Schagen,popweekend-schagen,saturday-ticket
Popweekend Schagen,Zaterdag 31 juli en zondag 1 augustus,schag,Schagen,popweekend-schagen,sunday-ticket
31-07 Thuishaven Zomer W/ Dimitri 10HRS,Zaterdag 31 juli,Thuishaven,Contactweg 60,31-07-thuishaven-zomer-w-dimitri-10hrs,31-07-thuishaven-zomer-w-dimitri-10hrs
